{
  "checkpoint": "output_mimic_a40_transformations/checkpoint_29.pth",
  "num_images": 3000,
  "label_names": [
    "Aortic enlargement",
    "Atelectasis",
    "Calcification",
    "Cardiomegaly",
    "Clavicle fracture",
    "Consolidation",
    "Edema",
    "Emphysema",
    "Enlarged PA",
    "ILD",
    "Infiltration",
    "Lung Opacity",
    "Lung cavity",
    "Lung cyst",
    "Mediastinal shift",
    "Nodule/Mass",
    "Pleural effusion",
    "Pleural thickening",
    "Pneumothorax",
    "Pulmonary fibrosis",
    "Rib fracture",
    "Other lesion",
    "COPD",
    "Lung tumor",
    "Pneumonia",
    "Tuberculosis",
    "Other disease",
    "No finding"
  ],
  "classification": {
    "per_label_auc": {
      "Aortic enlargement": 0.6821157619359058,
      "Atelectasis": 0.9061228072975691,
      "Calcification": 0.6479791095663932,
      "Cardiomegaly": 0.8995579174979765,
      "Clavicle fracture": 0.6622748498999333,
      "Consolidation": 0.8938891758494032,
      "Edema": null,
      "Emphysema": 0.7247247247247246,
      "Enlarged PA": 0.6037767379679144,
      "ILD": 0.7322199951478362,
      "Infiltration": 0.6617185119201107,
      "Lung Opacity": 0.8179134822653341,
      "Lung cavity": 0.8141089936476095,
      "Lung cyst": 0.66711140760507,
      "Mediastinal shift": 0.8985402684563758,
      "Nodule/Mass": 0.6892363346639198,
      "Pleural effusion": 0.9821316643746549,
      "Pleural thickening": 0.8001249898106132,
      "Pneumothorax": 0.9525113644831955,
      "Pulmonary fibrosis": 0.6502348856040046,
      "Rib fracture": 0.7608503908269716,
      "Other lesion": 0.72568493652165,
      "COPD": 0.5817211474316211,
      "Lung tumor": 0.8140475171232876,
      "Pneumonia": 0.8882910887932408,
      "Tuberculosis": 0.6839276806907703,
      "Other disease": 0.6540321213290535,
      "No finding": 0.8593566889419898
    },
    "macro_auc": 0.7649705390510049,
    "micro_auc": 0.714251597118923,
    "per_label_f1": {
      "Aortic enlargement": 0.0,
      "Atelectasis": 0.0,
      "Calcification": 0.0,
      "Cardiomegaly": 0.0,
      "Clavicle fracture": 0.0,
      "Consolidation": 0.0,
      "Edema": null,
      "Emphysema": 0.0,
      "Enlarged PA": 0.0,
      "ILD": 0.0,
      "Infiltration": 0.0,
      "Lung Opacity": 0.0,
      "Lung cavity": 0.0,
      "Lung cyst": 0.0,
      "Mediastinal shift": 0.0,
      "Nodule/Mass": 0.0,
      "Pleural effusion": 0.0,
      "Pleural thickening": 0.0,
      "Pneumothorax": 0.0,
      "Pulmonary fibrosis": 0.0,
      "Rib fracture": 0.0,
      "Other lesion": 0.0,
      "COPD": 0.0,
      "Lung tumor": 0.0,
      "Pneumonia": 0.0,
      "Tuberculosis": 0.0,
      "Other disease": 0.0,
      "No finding": 0.0
    },
    "macro_f1": 0.0,
    "micro_f1": 0.0,
    "map_at_10": 0.7246695370370371
  },
  "threshold": 0.5
}