{
  "checkpoint": "output_mimic_a40_transformations/checkpoint_09.pth",
  "num_images": 3000,
  "label_names": [
    "Aortic enlargement",
    "Atelectasis",
    "Calcification",
    "Cardiomegaly",
    "Clavicle fracture",
    "Consolidation",
    "Edema",
    "Emphysema",
    "Enlarged PA",
    "ILD",
    "Infiltration",
    "Lung Opacity",
    "Lung cavity",
    "Lung cyst",
    "Mediastinal shift",
    "Nodule/Mass",
    "Pleural effusion",
    "Pleural thickening",
    "Pneumothorax",
    "Pulmonary fibrosis",
    "Rib fracture",
    "Other lesion",
    "COPD",
    "Lung tumor",
    "Pneumonia",
    "Tuberculosis",
    "Other disease",
    "No finding"
  ],
  "classification": {
    "per_label_auc": {
      "Aortic enlargement": 0.680967952910399,
      "Atelectasis": 0.8987087197331248,
      "Calcification": 0.6680447274250317,
      "Cardiomegaly": 0.9100694031044391,
      "Clavicle fracture": 0.8820880587058039,
      "Consolidation": 0.9099302685950412,
      "Edema": null,
      "Emphysema": 0.761428094761428,
      "Enlarged PA": 0.8448362299465241,
      "ILD": 0.8494738333232925,
      "Infiltration": 0.7574251623338568,
      "Lung Opacity": 0.7951062283624012,
      "Lung cavity": 0.9097663360451727,
      "Lung cyst": 0.763675783855904,
      "Mediastinal shift": 0.8976845637583892,
      "Nodule/Mass": 0.7298520795776461,
      "Pleural effusion": 0.9598975922963461,
      "Pleural thickening": 0.7437855191570922,
      "Pneumothorax": 0.956162903346002,
      "Pulmonary fibrosis": 0.6591823960815418,
      "Rib fracture": 0.7749931567261779,
      "Other lesion": 0.7880064723023531,
      "COPD": 0.7189793195463642,
      "Lung tumor": 0.8226669520547946,
      "Pneumonia": 0.9105986266834345,
      "Tuberculosis": 0.6814723158691389,
      "Other disease": 0.7258195174459887,
      "No finding": 0.3723858777157202
    },
    "macro_auc": 0.7915928922838299,
    "micro_auc": 0.8055348636625558,
    "per_label_f1": {
      "Aortic enlargement": 0.0,
      "Atelectasis": 0.0,
      "Calcification": 0.0,
      "Cardiomegaly": 0.0,
      "Clavicle fracture": 0.0,
      "Consolidation": 0.0,
      "Edema": null,
      "Emphysema": 0.0,
      "Enlarged PA": 0.0,
      "ILD": 0.0,
      "Infiltration": 0.0,
      "Lung Opacity": 0.0,
      "Lung cavity": 0.0,
      "Lung cyst": 0.0,
      "Mediastinal shift": 0.0,
      "Nodule/Mass": 0.0,
      "Pleural effusion": 0.0,
      "Pleural thickening": 0.0,
      "Pneumothorax": 0.0,
      "Pulmonary fibrosis": 0.0,
      "Rib fracture": 0.0,
      "Other lesion": 0.0,
      "COPD": 0.0,
      "Lung tumor": 0.0,
      "Pneumonia": 0.0,
      "Tuberculosis": 0.0,
      "Other disease": 0.0,
      "No finding": 0.0
    },
    "macro_f1": 0.0,
    "micro_f1": 0.0,
    "map_at_10": 0.6946634078168306
  },
  "threshold": 0.5
}