{
  "checkpoint": "output_mimic_a40_transformations/checkpoint_best.pth",
  "num_images": 3000,
  "label_names": [
    "Aortic enlargement",
    "Atelectasis",
    "Calcification",
    "Cardiomegaly",
    "Clavicle fracture",
    "Consolidation",
    "Edema",
    "Emphysema",
    "Enlarged PA",
    "ILD",
    "Infiltration",
    "Lung Opacity",
    "Lung cavity",
    "Lung cyst",
    "Mediastinal shift",
    "Nodule/Mass",
    "Pleural effusion",
    "Pleural thickening",
    "Pneumothorax",
    "Pulmonary fibrosis",
    "Rib fracture",
    "Other lesion",
    "COPD",
    "Lung tumor",
    "Pneumonia",
    "Tuberculosis",
    "Other disease",
    "No finding"
  ],
  "classification": {
    "per_label_auc": {
      "Aortic enlargement": 0.5348364944408109,
      "Atelectasis": 0.4795095050358334,
      "Calcification": 0.5111662417059173,
      "Cardiomegaly": 0.8116633534531382,
      "Clavicle fracture": 0.5083388925950634,
      "Consolidation": 0.6504551911157026,
      "Edema": null,
      "Emphysema": 0.8054721388054721,
      "Enlarged PA": 0.47409759358288767,
      "ILD": 0.4277174151970418,
      "Infiltration": 0.4661618884643335,
      "Lung Opacity": 0.6099312495917434,
      "Lung cavity": 0.6458263679928675,
      "Lung cyst": 0.9224482988659106,
      "Mediastinal shift": 0.7539261744966443,
      "Nodule/Mass": 0.5662503219160443,
      "Pleural effusion": 0.6436919785829442,
      "Pleural thickening": 0.6255896780989845,
      "Pneumothorax": 0.7349001415902824,
      "Pulmonary fibrosis": 0.5245359001574735,
      "Rib fracture": 0.5659843669211351,
      "Other lesion": 0.6174788771580442,
      "COPD": 0.8964309539693128,
      "Lung tumor": 0.6545333904109589,
      "Pneumonia": 0.545753110036547,
      "Tuberculosis": 0.7081319446833396,
      "Other disease": 0.4059960983557356,
      "No finding": 0.8620449866651185
    },
    "macro_auc": 0.6278841686625661,
    "micro_auc": 0.6822662365585384,
    "per_label_f1": {
      "Aortic enlargement": 0.13664596273291926,
      "Atelectasis": 0.05573558003888529,
      "Calcification": 0.12147777082028804,
      "Cardiomegaly": 0.18676337262012693,
      "Clavicle fracture": 0.0013324450366422385,
      "Consolidation": 0.06201550387596899,
      "Edema": null,
      "Emphysema": 0.001998001998001998,
      "Enlarged PA": 0.005319148936170213,
      "ILD": 0.13722446445203354,
      "Infiltration": 0.03793328973185088,
      "Lung Opacity": 0.054474708171206226,
      "Lung cavity": 0.005982053838484547,
      "Lung cyst": 0.0013324450366422385,
      "Mediastinal shift": 0.013245033112582781,
      "Nodule/Mass": 0.11083123425692695,
      "Pleural effusion": 0.07135969141755062,
      "Pleural thickening": 0.10665825181445251,
      "Pneumothorax": 0.011928429423459244,
      "Pulmonary fibrosis": 0.13490829965806653,
      "Rib fracture": 0.0073065426768515445,
      "Other lesion": 0.060762766645119586,
      "COPD": 0.0013324450366422385,
      "Lung tumor": 0.05194805194805195,
      "Pneumonia": 0.15157116451016636,
      "Tuberculosis": 0.10366624525916561,
      "Other disease": 0.35931091058244463,
      "No finding": 0.812116412591566
    },
    "macro_f1": 0.10389556393415804,
    "micro_f1": 0.11886953016527074,
    "map_at_10": 0.6007259328546234
  },
  "threshold": 0.5
}