{
  "checkpoint_09.pth": {
    "checkpoint": "output_mimic_a40_transformations/checkpoint_09.pth",
    "num_images": 3000,
    "label_names": [
      "Aortic enlargement",
      "Atelectasis",
      "Calcification",
      "Cardiomegaly",
      "Clavicle fracture",
      "Consolidation",
      "Edema",
      "Emphysema",
      "Enlarged PA",
      "ILD",
      "Infiltration",
      "Lung Opacity",
      "Lung cavity",
      "Lung cyst",
      "Mediastinal shift",
      "Nodule/Mass",
      "Pleural effusion",
      "Pleural thickening",
      "Pneumothorax",
      "Pulmonary fibrosis",
      "Rib fracture",
      "Other lesion",
      "COPD",
      "Lung tumor",
      "Pneumonia",
      "Tuberculosis",
      "Other disease",
      "No finding"
    ],
    "classification": {
      "per_label_auc": {
        "Aortic enlargement": 0.680967952910399,
        "Atelectasis": 0.8987087197331248,
        "Calcification": 0.6680447274250317,
        "Cardiomegaly": 0.9100694031044391,
        "Clavicle fracture": 0.8820880587058039,
        "Consolidation": 0.9099302685950412,
        "Edema": null,
        "Emphysema": 0.761428094761428,
        "Enlarged PA": 0.8448362299465241,
        "ILD": 0.8494738333232925,
        "Infiltration": 0.7574251623338568,
        "Lung Opacity": 0.7951062283624012,
        "Lung cavity": 0.9097663360451727,
        "Lung cyst": 0.763675783855904,
        "Mediastinal shift": 0.8976845637583892,
        "Nodule/Mass": 0.7298520795776461,
        "Pleural effusion": 0.9598975922963461,
        "Pleural thickening": 0.7437855191570922,
        "Pneumothorax": 0.956162903346002,
        "Pulmonary fibrosis": 0.6591823960815418,
        "Rib fracture": 0.7749931567261779,
        "Other lesion": 0.7880064723023531,
        "COPD": 0.7189793195463642,
        "Lung tumor": 0.8226669520547946,
        "Pneumonia": 0.9105986266834345,
        "Tuberculosis": 0.6814723158691389,
        "Other disease": 0.7258195174459887,
        "No finding": 0.3723858777157202
      },
      "macro_auc": 0.7915928922838299,
      "micro_auc": 0.8055348636625558,
      "per_label_f1": {
        "Aortic enlargement": 0.0,
        "Atelectasis": 0.0,
        "Calcification": 0.0,
        "Cardiomegaly": 0.0,
        "Clavicle fracture": 0.0,
        "Consolidation": 0.0,
        "Edema": null,
        "Emphysema": 0.0,
        "Enlarged PA": 0.0,
        "ILD": 0.0,
        "Infiltration": 0.0,
        "Lung Opacity": 0.0,
        "Lung cavity": 0.0,
        "Lung cyst": 0.0,
        "Mediastinal shift": 0.0,
        "Nodule/Mass": 0.0,
        "Pleural effusion": 0.0,
        "Pleural thickening": 0.0,
        "Pneumothorax": 0.0,
        "Pulmonary fibrosis": 0.0,
        "Rib fracture": 0.0,
        "Other lesion": 0.0,
        "COPD": 0.0,
        "Lung tumor": 0.0,
        "Pneumonia": 0.0,
        "Tuberculosis": 0.0,
        "Other disease": 0.0,
        "No finding": 0.0
      },
      "macro_f1": 0.0,
      "micro_f1": 0.0,
      "map_at_10": 0.6946634078168306
    },
    "threshold": 0.5
  },
  "checkpoint_19.pth": {
    "checkpoint": "output_mimic_a40_transformations/checkpoint_19.pth",
    "num_images": 3000,
    "label_names": [
      "Aortic enlargement",
      "Atelectasis",
      "Calcification",
      "Cardiomegaly",
      "Clavicle fracture",
      "Consolidation",
      "Edema",
      "Emphysema",
      "Enlarged PA",
      "ILD",
      "Infiltration",
      "Lung Opacity",
      "Lung cavity",
      "Lung cyst",
      "Mediastinal shift",
      "Nodule/Mass",
      "Pleural effusion",
      "Pleural thickening",
      "Pneumothorax",
      "Pulmonary fibrosis",
      "Rib fracture",
      "Other lesion",
      "COPD",
      "Lung tumor",
      "Pneumonia",
      "Tuberculosis",
      "Other disease",
      "No finding"
    ],
    "classification": {
      "per_label_auc": {
        "Aortic enlargement": 0.5655706344015696,
        "Atelectasis": 0.7528610876123286,
        "Calcification": 0.5515004665995547,
        "Cardiomegaly": 0.8338522631473244,
        "Clavicle fracture": 0.5166777851901267,
        "Consolidation": 0.7291021005509642,
        "Edema": null,
        "Emphysema": 0.5772439105772439,
        "Enlarged PA": 0.42868482620320847,
        "ILD": 0.5693493053101885,
        "Infiltration": 0.5690592840901099,
        "Lung Opacity": 0.6977839832778104,
        "Lung cavity": 0.5629481035699693,
        "Lung cyst": 0.950800533689126,
        "Mediastinal shift": 0.8203187919463087,
        "Nodule/Mass": 0.6342651461498843,
        "Pleural effusion": 0.9741548401984539,
        "Pleural thickening": 0.728473222291661,
        "Pneumothorax": 0.9425814144124003,
        "Pulmonary fibrosis": 0.5578835291955271,
        "Rib fracture": 0.6970710788040999,
        "Other lesion": 0.5808506977493374,
        "COPD": 0.8198799199466311,
        "Lung tumor": 0.7558797089041095,
        "Pneumonia": 0.6383117534879053,
        "Tuberculosis": 0.6690030616808282,
        "Other disease": 0.5136758932822988,
        "No finding": 0.8681277579776809
      },
      "macro_auc": 0.6854041148239501,
      "micro_auc": 0.7096941598373804,
      "per_label_f1": {
        "Aortic enlargement": 0.0,
        "Atelectasis": 0.0,
        "Calcification": 0.0,
        "Cardiomegaly": 0.0,
        "Clavicle fracture": 0.0,
        "Consolidation": 0.0,
        "Edema": null,
        "Emphysema": 0.0,
        "Enlarged PA": 0.0,
        "ILD": 0.0,
        "Infiltration": 0.0,
        "Lung Opacity": 0.0,
        "Lung cavity": 0.0,
        "Lung cyst": 0.0,
        "Mediastinal shift": 0.0,
        "Nodule/Mass": 0.0,
        "Pleural effusion": 0.0,
        "Pleural thickening": 0.0,
        "Pneumothorax": 0.0,
        "Pulmonary fibrosis": 0.0,
        "Rib fracture": 0.0,
        "Other lesion": 0.0,
        "COPD": 0.0,
        "Lung tumor": 0.0,
        "Pneumonia": 0.0,
        "Tuberculosis": 0.0,
        "Other disease": 0.0,
        "No finding": 0.0
      },
      "macro_f1": 0.0,
      "micro_f1": 0.0,
      "map_at_10": 0.69988701829806
    },
    "threshold": 0.5
  },
  "checkpoint_29.pth": {
    "checkpoint": "output_mimic_a40_transformations/checkpoint_29.pth",
    "num_images": 3000,
    "label_names": [
      "Aortic enlargement",
      "Atelectasis",
      "Calcification",
      "Cardiomegaly",
      "Clavicle fracture",
      "Consolidation",
      "Edema",
      "Emphysema",
      "Enlarged PA",
      "ILD",
      "Infiltration",
      "Lung Opacity",
      "Lung cavity",
      "Lung cyst",
      "Mediastinal shift",
      "Nodule/Mass",
      "Pleural effusion",
      "Pleural thickening",
      "Pneumothorax",
      "Pulmonary fibrosis",
      "Rib fracture",
      "Other lesion",
      "COPD",
      "Lung tumor",
      "Pneumonia",
      "Tuberculosis",
      "Other disease",
      "No finding"
    ],
    "classification": {
      "per_label_auc": {
        "Aortic enlargement": 0.6821157619359058,
        "Atelectasis": 0.9061228072975691,
        "Calcification": 0.6479791095663932,
        "Cardiomegaly": 0.8995579174979765,
        "Clavicle fracture": 0.6622748498999333,
        "Consolidation": 0.8938891758494032,
        "Edema": null,
        "Emphysema": 0.7247247247247246,
        "Enlarged PA": 0.6037767379679144,
        "ILD": 0.7322199951478362,
        "Infiltration": 0.6617185119201107,
        "Lung Opacity": 0.8179134822653341,
        "Lung cavity": 0.8141089936476095,
        "Lung cyst": 0.66711140760507,
        "Mediastinal shift": 0.8985402684563758,
        "Nodule/Mass": 0.6892363346639198,
        "Pleural effusion": 0.9821316643746549,
        "Pleural thickening": 0.8001249898106132,
        "Pneumothorax": 0.9525113644831955,
        "Pulmonary fibrosis": 0.6502348856040046,
        "Rib fracture": 0.7608503908269716,
        "Other lesion": 0.72568493652165,
        "COPD": 0.5817211474316211,
        "Lung tumor": 0.8140475171232876,
        "Pneumonia": 0.8882910887932408,